symbol,longname,price,volume,openPrice,priceChange,percentChange,dayHigh,dayLow,prevClose,typename,timestamp_utc,raw_symbol,patched_from_null,snapshot_type
T,TELUS Corporation,18.04,11162004.0,17.98,-0.04,-0.221239,18.17,17.93,18.08,Quote,2026-03-22 20:36:45.457803+00:00,,0,live
BNS,Bank of Nova Scotia (The),93.61,9515021.0,94.34,-0.89,-0.941799,94.76,92.85,94.5,Quote,2026-03-22 20:36:45.457803+00:00,,0,live
RY,Royal Bank of Canada,218.5,8666892.0,219.61,-1.75,-0.794552,220.8,217.01,220.25,Quote,2026-03-22 20:36:45.457803+00:00,,0,live
BCE,BCE Inc.,35.43,6967400.0,35.17,0.08,0.226308,35.49,35.17,35.35,Quote,2026-03-22 20:36:45.457803+00:00,,0,live
ENB,Enbridge Inc.,73.32,10933390.0,74.11,-0.86,-1.159342,74.82,73.23,74.18,Quote,2026-03-22 20:36:45.457803+00:00,,0,live
TD,Toronto-Dominion Bank (The),126.11,12475525.0,128.6,-2.53,-1.966729,128.75,125.73,128.64,Quote,2026-03-22 20:36:45.457803+00:00,,0,live
CNQ,Canadian Natural Resources Limited,67.39,42640290.0,68.66,-2.11,-3.035971,68.71,67.16,69.5,Quote,2026-03-22 20:36:45.457803+00:00,,0,live
WCP,Whitecap Resources Inc.,14.93,16255448.0,14.98,-0.07,-0.466667,15.1,14.74,15.0,Quote,2026-03-22 20:36:45.457803+00:00,,0,live
BMO,Bank of Montreal,183.59,5577838.0,186.53,-4.04,-2.153174,187.5,182.37,187.63,Quote,2026-03-22 20:36:45.457803+00:00,,0,live
POW,Power Corporation of Canada Subordinate Voting Shares,64.88,8427871.0,64.0,1.05,1.644994,66.445,63.995,63.83,Quote,2026-03-22 20:36:45.457803+00:00,,0,live
CM,Canadian Imperial Bank Of Commerce,129.48,6269485.0,130.96,-1.95,-1.48368,131.44,128.63,131.43,Quote,2026-03-22 20:36:45.457803+00:00,,0,live
MFC,Manulife Financial Corporation,46.45,11301368.0,46.42,-0.12,-0.257677,46.8,46.14,46.57,Quote,2026-03-22 20:36:45.457803+00:00,,0,live
SU,Suncor Energy Inc.,87.49,13765950.0,86.53,0.48,0.551661,88.18,85.87,87.01,Quote,2026-03-22 20:36:45.457803+00:00,,0,live
NA,National Bank of Canada,175.12,6134893.0,177.85,-3.13,-1.755961,178.14,174.15,178.25,Quote,2026-03-22 20:36:45.457803+00:00,,1,live
CVE,Cenovus Energy Inc.,34.48,23391354.0,34.2,0.23,0.671533,34.84,33.77,34.25,Quote,2026-03-22 20:36:45.457803+00:00,,0,live
PPL,Pembina Pipeline Corporation,61.8,5181922.0,61.4,0.47,0.766346,62.05,61.19,61.33,Quote,2026-03-22 20:36:45.457803+00:00,,0,live
HHIS,Harvest Diversified High Income Shares ETF,10.33,896041.0,10.57,-0.28,-2.63902,10.57,10.25,10.61,Quote,2026-03-22 20:36:45.457803+00:00,,0,live
CNR,Canadian National Railway Company,135.45,3593047.0,135.43,-0.67,-0.492213,137.39,134.4,136.12,Quote,2026-03-22 20:36:45.457803+00:00,,0,live
ABX,Barrick Mining Corporation,50.96,14629081.0,52.22,-1.47,-2.803738,52.5,50.1,52.43,Quote,2026-03-22 20:36:45.457803+00:00,,0,live
NTR,Nutrien Ltd.,102.69,4190992.0,104.43,-1.81,-1.732057,104.43,101.76,104.5,Quote,2026-03-22 20:36:45.457803+00:00,,0,live
FTS,Fortis Inc.,75.65,3162930.0,77.23,-1.57,-2.033152,77.72,75.45,77.22,Quote,2026-03-22 20:36:45.457803+00:00,,0,live
AC,Air Canada Voting and Variable Voting Shares,17.34,6683982.0,17.45,-0.14,-0.800915,17.66,17.09,17.48,Quote,2026-03-22 20:36:45.457803+00:00,,0,live
TOU,Tourmaline Oil Corp.,69.52,4909787.0,69.18,0.38,0.549609,70.0,68.41,69.14,Quote,2026-03-22 20:36:45.457803+00:00,,0,live
TRP,TC Energy Corporation,86.9,10271810.0,87.5,-1.28,-1.451576,88.77,86.89,88.18,Quote,2026-03-22 20:36:45.457803+00:00,,0,live
MDA,MDA Space Ltd.,42.98,2662725.0,45.0,-2.15,-4.764015,46.27,42.57,45.13,Quote,2026-03-22 20:36:45.457803+00:00,,0,live
CP,Canadian Pacific Kansas City Limited,107.6,3487857.0,107.37,-0.24,-0.222552,108.59,106.73,107.84,Quote,2026-03-22 20:36:45.457803+00:00,,0,live
AEM,Agnico Eagle Mines Limited,248.3,3539509.0,253.93,-5.11,-2.016495,254.0,241.005,253.41,Quote,2026-03-22 20:36:45.457803+00:00,,0,live
ATD,Alimentation Couche-Tard Inc.,76.17,4270470.0,76.49,-0.36,-0.470404,77.97,75.81,76.53,Quote,2026-03-22 20:36:45.457803+00:00,,0,live
CPX,Capital Power Corporation,61.2,1007329.0,63.0,-2.18,-3.439571,63.52,60.85,63.38,Quote,2026-03-22 20:36:45.457803+00:00,,0,live
ARX,ARC Resources Ltd.,29.12,8414020.0,28.92,0.31,1.076015,29.28,28.72,28.81,Quote,2026-03-22 20:36:45.457803+00:00,,0,live
BAM,Brookfield Asset Management Ltd. Class A Limited Voting Shares,58.97,3964810.0,59.51,-0.71,-1.189678,59.54,58.45,59.68,Quote,2026-03-22 20:36:45.457803+00:00,,0,live
BTE,Baytex Energy Corp.,5.65,10313505.0,5.72,-0.08,-1.396161,5.795,5.62,5.73,Quote,2026-03-22 20:36:45.457803+00:00,,0,live
VET,Vermilion Energy Inc.,19.07,2428841.0,19.6,-0.76,-3.832577,20.31,19.0,19.83,Quote,2026-03-22 20:36:45.457803+00:00,,0,live
GUD,Knight Therapeutics Inc.,6.41,137300.0,6.43,0.11,1.746032,6.435,6.3,6.3,Quote,2026-03-22 20:36:45.457803+00:00,,0,live
GWO,Great-West Lifeco Inc.,62.95,2901924.0,62.85,0.13,0.20694,64.11,62.85,62.82,Quote,2026-03-22 20:36:45.457803+00:00,,0,live
FRU,Freehold Royalties Ltd.,17.5,3713113.0,17.5,-0.01,-0.05711,17.63,17.29,17.51,Quote,2026-03-22 20:36:45.457803+00:00,,0,live
CJ,Cardinal Energy Ltd.,10.98,1512731.0,10.94,0.05,0.457457,11.16,10.87,10.93,Quote,2026-03-22 20:36:45.457803+00:00,,0,live
EMA,Emera Incorporated,70.45,2574923.0,71.5,-1.37,-1.907547,72.31,70.33,71.82,Quote,2026-03-22 20:36:45.457803+00:00,,0,live
CCO,Cameco Corporation,140.14,3230194.0,146.42,-6.27,-4.282495,146.42,137.41,146.41,Quote,2026-03-22 20:36:45.457803+00:00,,0,live
AQN,Algonquin Power & Utilities Corp.,8.57,4182688.0,8.86,-0.3,-3.382187,8.865,8.46,8.87,Quote,2026-03-22 20:36:45.457803+00:00,,0,live
ZWU,BMO Covered Call Utilities ETF,11.93,437875.0,12.11,-0.18,-1.486375,12.15,11.91,12.11,Quote,2026-03-22 20:36:45.457803+00:00,,0,live
BK,Canadian Banc Corp. Class A Shares,13.3,238306.0,13.46,-0.07,-0.52356,13.46,13.16,13.37,Quote,2026-03-22 20:36:45.457803+00:00,,0,live
FSZ,Fiera Capital Corporation Class A Subordinate Voting Shares,5.18,237892.0,5.16,-0.01,-0.192678,5.205,5.14,5.19,Quote,2026-03-22 20:36:45.457803+00:00,,0,live
AG,First Majestic Silver Corp.,25.06,8708491.0,25.92,-0.95,-3.652441,26.09,24.53,26.01,Quote,2026-03-22 20:36:45.457803+00:00,,0,live
TVE,Tamarack Valley Energy Ltd.,11.23,10443475.0,11.25,0.05,0.447227,11.47,11.06,11.18,Quote,2026-03-22 20:36:45.457803+00:00,,0,live
SLF,Sun Life Financial Inc.,85.34,3017241.0,85.75,-0.61,-0.709715,86.42,85.0,85.95,Quote,2026-03-22 20:36:45.457803+00:00,,0,live
MSFT,Microsoft CDR (CAD Hedged),27.01,705855.0,27.41,-0.51,-1.853198,27.41,26.9,27.52,Quote,2026-03-22 20:36:45.457803+00:00,,0,live
SHOP,Shopify Inc. Class A Subordinate Voting Shares,160.64,5836481.0,166.16,-7.62,-4.528706,166.8,158.47,168.26,Quote,2026-03-22 20:36:45.457803+00:00,,0,live
SOBO,South Bow Corporation,46.0,2264322.0,46.18,-0.12,-0.260191,46.66,45.73,46.12,Quote,2026-03-22 20:36:45.457803+00:00,,0,live
CU,Canadian Utilities Limited Class A Non-Voting Shares,47.24,1084965.0,47.86,-0.73,-1.521784,48.32,47.08,47.97,Quote,2026-03-22 20:36:45.457803+00:00,,0,live
T,TELUS Corporation,18.1,4742442.0,17.99,0.06,0.332594,18.135,17.91,18.04,Quote,2026-03-23 20:27:58.989271+00:00,,0,live
BNS,Bank of Nova Scotia (The),95.01,4243574.0,94.5,1.4,1.495567,95.225,94.3,93.61,Quote,2026-03-23 20:27:58.989271+00:00,,0,live
WCP,Whitecap Resources Inc.,14.56,9247323.0,14.43,-0.37,-2.478232,14.7,13.95,14.93,Quote,2026-03-23 20:27:58.989271+00:00,,0,live
BCE,BCE Inc.,35.32,4591759.0,35.39,-0.11,-0.310471,35.52,35.03,35.43,Quote,2026-03-23 20:27:58.989271+00:00,,0,live
RY,Royal Bank of Canada,221.9,2793947.0,220.2,3.4,1.556064,223.58,219.9,218.5,Quote,2026-03-23 20:27:58.989271+00:00,,0,live
ENB,Enbridge Inc.,74.35,4432490.0,72.94,1.03,1.404801,74.43,72.04,73.32,Quote,2026-03-23 20:27:58.989271+00:00,,0,live
TD,Toronto-Dominion Bank (The),128.37,5305384.0,127.49,2.26,1.792086,129.67,127.45,126.11,Quote,2026-03-23 20:27:58.989271+00:00,,0,live
CNQ,Canadian Natural Resources Limited,66.49,38718205.0,65.81,-0.9,-1.33551,67.19,64.64,67.39,Quote,2026-03-23 20:27:58.989271+00:00,,0,live
AC,Air Canada Voting and Variable Voting Shares,17.88,3100649.0,17.71,0.54,3.114187,18.1,17.59,17.34,Quote,2026-03-23 20:27:58.989271+00:00,,0,live
SU,Suncor Energy Inc.,86.7,7638471.0,85.2,-0.79,-0.90296,87.05,84.25,87.49,Quote,2026-03-23 20:27:58.989271+00:00,,0,live
CM,Canadian Imperial Bank Of Commerce,132.56,3989865.0,131.32,3.08,2.378746,133.19,131.19,129.48,Quote,2026-03-23 20:27:58.989271+00:00,,0,live
CVE,Cenovus Energy Inc.,34.0,8057588.0,33.28,-0.48,-1.392111,34.38,32.95,34.48,Quote,2026-03-23 20:27:58.989271+00:00,,0,live
BMO,Bank of Montreal,188.26,1604993.0,186.14,4.67,2.543711,189.46,185.96,183.59,Quote,2026-03-23 20:27:58.989271+00:00,,0,live
MFC,Manulife Financial Corporation,47.19,5063621.0,47.22,0.74,1.593111,47.75,46.96,46.45,Quote,2026-03-23 20:27:58.989271+00:00,,0,live
BTE,Baytex Energy Corp.,5.62,6979118.0,5.4,-0.03,-0.530973,5.67,5.37,5.65,Quote,2026-03-23 20:27:58.989271+00:00,,0,live
ABX,Barrick Mining Corporation,51.68,8155098.0,50.97,0.72,1.412873,52.47,50.95,50.96,Quote,2026-03-23 20:27:58.989271+00:00,,0,live
TOU,Tourmaline Oil Corp.,68.05,2317548.0,69.16,-1.47,-2.114499,69.68,67.275,69.52,Quote,2026-03-23 20:27:58.989271+00:00,,0,live
BTO,B2Gold Corp.,5.59,8553818.0,5.43,0.2,3.710575,5.7,5.41,5.39,Quote,2026-03-23 20:27:58.989271+00:00,,0,live
CNR,Canadian National Railway Company,138.34,1826612.0,136.98,2.89,2.133629,139.02,136.6,135.45,Quote,2026-03-23 20:27:58.989271+00:00,,0,live
NA,National Bank of Canada,179.18,3610548.0,178.03,4.06,2.31841,179.97,177.01,175.12,Quote,2026-03-23 20:27:58.989271+00:00,,1,live
HOU,BetaPro Crude Oil Leveraged Daily Bull ETF,19.47,4234648.0,20.62,-4.29,-18.055555,21.0,17.88,23.76,Quote,2026-03-23 20:27:58.989271+00:00,,0,live
SHOP,Shopify Inc. Class A Subordinate Voting Shares,166.18,1799806.0,164.0,5.54,3.448705,168.3,162.98,160.64,Quote,2026-03-23 20:27:58.989271+00:00Rakai,,0,live
PPL,Pembina Pipeline Corporation,61.97,2914011.0,61.07,0.17,0.275081,62.24,60.835,61.8,Quote,2026-03-23 20:27:58.989271+00:00,,0,live
TRP,TC Energy Corporation,87.61,9676849.0,86.67,0.71,0.817031,87.895,85.62,86.9,Quote,2026-03-23 20:27:58.989271+00:00,,0,live
ARX,ARC Resources Ltd.,29.01,6610994.0,28.26,-0.11,-0.377747,29.29,27.69,29.12,Quote,2026-03-23 20:27:58.989271+00:00,,0,live
WELL,WELL Health Technologies Corp.,3.73,3363486.0,3.8,-0.04,-1.061008,3.86,3.66,3.77,Quote,2026-03-23 20:27:58.989271+00:00,,0,live
AQN,Algonquin Power & Utilities Corp.,8.6,3706506.0,8.55,0.03,0.350058,8.7,8.43,8.57,Quote,2026-03-23 20:27:58.989271+00:00,,0,live
POW,Power Corporation of Canada Subordinate Voting Shares,66.03,10604174.0,66.35,1.15,1.772503,66.4,64.56,64.88,Quote,2026-03-23 20:27:58.989271+00:00,,0,live
HOD,BetaPro Crude Oil Inverse Leveraged Daily Bear ETF,1.85,23736458.0,1.77,0.27,17.088608,1.96,1.76,1.58,Quote,2026-03-23 20:27:58.989271+00:00,,0,live
CCO,Cameco Corporation,145.0,773137.0,139.64,4.86,3.467961,146.34,139.64,140.14,Quote,2026-03-23 20:27:58.989271+00:00,,0,live
ATD,Alimentation Couche-Tard Inc.,78.96,1618342.0,76.91,2.79,3.662859,79.33,76.91,76.17,Quote,2026-03-23 20:27:58.989271+00:00,,0,live
AEM,Agnico Eagle Mines Limited,252.12,968907.0,246.64,3.82,1.538462,257.48,245.99,248.3,Quote,2026-03-23 20:27:58.989271+00:00,,0,live
NTR,Nutrien Ltd.,100.0,1745873.0,100.9,-2.69,-2.619534,101.27,99.05,102.69,Quote,2026-03-23 20:27:58.989271+00:00,,0,live
WEED,Canopy Growth Corporation,1.34,1773494.0,1.33,0.03,2.290076,1.34,1.23,1.31,Quote,2026-03-23 20:27:58.989271+00:00,,0,live
TVE,Tamarack Valley Energy Ltd.,10.9,2392159.0,10.9,-0.33,-2.938557,11.115,10.62,11.23,Quote,2026-03-23 20:27:58.989271+00:00,,0,live
SLF,Sun Life Financial Inc.,86.62,1680499.0,85.95,1.28,1.499883,87.1,85.72,85.34,Quote,2026-03-23 20:27:58.989271+00:00,,0,live
CJ,Cardinal Energy Ltd.,10.9,1467876.0,10.69,-0.08,-0.728597,10.955,10.56,10.98,Quote,2026-03-23 20:27:58.989271+00:00,,0,live
MDA,MDA Space Ltd.,44.76,1351815.0,43.46,1.78,4.141461,44.81,41.71,42.98,Quote,2026-03-23 20:27:58.989271+00:00,,0,live
HIVE,HIVE Digital Technologies Ltd.,2.9,1403774.0,2.8,0.12,4.316547,2.94,2.79,2.78,Quote,2026-03-23 20:27:58.989271+00:00,,0,live
CSU,Constellation Software Inc.,2537.9,72358.0,2498.67,38.68,1.547683,2590.0,2485.02,2499.22,Quote,2026-03-23 20:27:58.989271+00:00,,0,live
HNU,BetaPro Natural Gas Leveraged Daily Bull ETF,12.01,4623452.0,12.54,-1.48,-10.971089,12.67,11.79,13.49,Quote,2026-03-23 20:27:58.989271+00:00,,0,live
BITF,Bitfarms Ltd.,3.19,3912226.0,3.08,0.13,4.248366,3.24,3.08,3.06,Quote,2026-03-23 20:27:58.989271+00:00,,0,live
NFG,New Found Gold Corp.,2.44,923449.0,2.58,-0.16,-6.153846,2.58,2.39,2.6,Quote,2026-03-23 20:27:58.989271+00:00,,0,live
GSY,goeasy Ltd.,38.82,395710.0,37.5,2.87,7.98331,39.0,36.2,35.95,Quote,2026-03-23 20:27:58.989271+00:00,,0,live
EQX,Equinox Gold Corp.,17.39,5819144.0,16.51,0.97,5.90743,17.68,16.5,16.42,Quote,2026-03-23 20:27:58.989271+00:00,,0,live
HHIS,Harvest Diversified High Income Shares ETF,10.54,418697.0,10.52,0.21,2.032914,10.61,10.45,10.33,Quote,2026-03-23 20:27:58.989271+00:00,,0,live
TRI,Thomson Reuters Corporation,125.0,737801.0,127.49,-3.04,-2.374258,127.95,122.58,128.04,Quote,2026-03-23 20:27:58.989271+00:00,,0,live
CPX,Capital Power Corporation,62.48,618980.0,61.65,1.28,2.091503,62.84,61.11,61.2,Quote,2026-03-23 20:27:58.989271+00:00,,0,live
BAM,Brookfield Asset Management Ltd. Class A Limited Voting Shares,59.51,3048692.0,60.08,0.54,0.91572,60.69,59.07,58.97,Quote,2026-03-23 20:27:58.989271+00:00,,0,live
T,TELUS Corporation,18.11,3540331.0,18.03,0.01,0.055249,18.28,17.95,18.1,Quote,2026-03-24 20:26:12.665039+00:00,,0,live
BNS,Bank of Nova Scotia (The),95.66,2994601.0,94.5,0.65,0.684139,95.75,93.7,95.01,Quote,2026-03-24 20:26:12.665039+00:00,,0,live
RY,Royal Bank of Canada,223.18,3748469.0,220.79,1.28,0.576836,223.7,219.81,221.9,Quote,2026-03-24 20:26:12.665039+00:00,,0,live
BCE,BCE Inc.,35.54,2936834.0,35.21,0.22,0.622877,35.79,35.11,35.32,Quote,2026-03-24 20:26:12.665039+00:00,,0,live
WCP,Whitecap Resources Inc.,14.59,7188575.0,14.56,0.03,0.206044,14.9,14.515,14.56,Quote,2026-03-24 20:26:12.665039+00:00,,0,live
TD,Toronto-Dominion Bank (The),128.7,4577689.0,127.5,0.33,0.257069,130.16,126.92,128.37,Quote,2026-03-24 20:26:12.665039+00:00,,0,live
ENB,Enbridge Inc.,74.91,2935259.0,74.5,0.56,0.753194,75.72,74.06,74.35,Quote,2026-03-24 20:26:12.665039+00:00,,0,live
CNQ,Canadian Natural Resources Limited,67.48,23494409.0,66.83,0.99,1.488946,68.55,66.61,66.49,Quote,2026-03-24 20:26:12.665039+00:00,,0,live
SU,Suncor Energy Inc.,88.23,5963203.0,87.06,1.53,1.764706,89.93,87.0,86.7,Quote,2026-03-24 20:26:12.665039+00:00,,0,live
CM,Canadian Imperial Bank Of Commerce,133.2,3655604.0,131.33,0.64,0.4828,133.87,130.64,132.56,Quote,2026-03-24 20:26:12.665039+00:00,,0,live
BMO,Bank of Montreal,187.75,916466.0,186.74,-0.51,-0.270902,190.295,185.94,188.26,Quote,2026-03-24 20:26:12.665039+00:00,,0,live
AC,Air Canada Voting and Variable Voting Shares,18.05,2548680.0,17.7,0.17,0.950783,18.24,17.66,17.88,Quote,2026-03-24 20:26:12.665039+00:00,,0,live
CVE,Cenovus Energy Inc.,35.02,8370769.0,34.35,1.02,3.0,35.62,34.35,34.0,Quote,2026-03-24 20:26:12.665039+00:00,,0,live
MFC,Manulife Financial Corporation,47.42,5042959.0,46.9,0.23,0.487391,47.65,46.6,47.19,Quote,2026-03-24 20:26:12.665039+00:00,,0,live
DOL,Dollarama Inc.,168.66,2267407.0,183.42,-17.92,-9.604459,183.42,168.115,186.58,Quote,2026-03-24 20:26:12.665039+00:00,,0,live
SHOP,Shopify Inc. Class A Subordinate Voting Shares,159.84,2279869.0,163.49,-6.34,-3.81514,163.7,157.75,166.18,Quote,2026-03-24 20:26:12.665039+00:00,,0,live
BTE,Baytex Energy Corp.,5.66,6388341.0,5.66,0.04,0.711744,5.825,5.63,5.62,Quote,2026-03-24 20:26:12.665039+00:00,,0,live
NA,National Bank of Canada,179.48,1274429.0,177.81,0.3,0.167429,180.74,177.12,179.18,Quote,2026-03-24 20:26:12.665039+00:00,,1,live
PPL,Pembina Pipeline Corporation,62.1,1867626.0,62.11,0.13,0.209779,63.12,61.85,61.97,Quote,2026-03-24 20:26:12.665039+00:00,,0,live
TOU,Tourmaline Oil Corp.,69.31,2304100.0,68.71,1.26,1.85158,70.57,68.06,68.05,Quote,2026-03-24 20:26:12.665039+00:00,,0,live
BTO,B2Gold Corp.,5.66,3645280.0,5.54,0.07,1.252236,5.7,5.44,5.59,Quote,2026-03-24 20:26:12.665039+00:00,,0,live
TRP,TC Energy Corporation,88.24,15458655.0,87.61,0.63,0.719096,89.3,87.17,87.61,Quote,2026-03-24 20:26:12.665039+00:00,,0,live
ABX,Barrick Mining Corporation,52.43,6422729.0,51.15,0.75,1.451238,52.84,50.45,51.68,Quote,2026-03-24 20:26:12.665039+00:00,,0,live
CNR,Canadian National Railway Company,139.03,951341.0,137.04,0.69,0.498771,140.57,136.57,138.34,Quote,2026-03-24 20:26:12.665039+00:00,,0,live
ARX,ARC Resources Ltd.,29.29,4623619.0,29.29,0.28,0.965184,29.79,29.01,29.01,Quote,2026-03-24 20:26:12.665039+00:00,,0,live
AQN,Algonquin Power & Utilities Corp.,8.68,1349674.0,8.55,0.08,0.930233,8.745,8.53,8.6,Quote,2026-03-24 20:26:12.665039+00:00,,0,live
MDA,MDA Space Ltd.,40.3,2330747.0,43.98,-4.46,-9.964253,44.05,39.05,44.76,Quote,2026-03-24 20:26:12.665039+00:00,,0,live
SLF,Sun Life Financial Inc.,86.81,918990.0,86.14,0.19,0.219349,87.12,85.64,86.62,Quote,2026-03-24 20:26:12.665039+00:00,,0,live
POW,Power Corporation of Canada Subordinate Voting Shares,65.97,4030131.0,65.55,-0.06,-0.090868,66.29,64.91,66.03,Quote,2026-03-24 20:26:12.665039+00:00,,0,live
CCO,Cameco Corporation,148.62,523983.0,143.44,3.62,2.496552,149.06,141.9,145.0,Quote,2026-03-24 20:26:12.665039+00:00,,0,live
BLX,Boralex Inc. Class A Shares,33.0,1521693.0,31.5,2.3,7.491857,33.88,31.48,30.7,Quote,2026-03-24 20:26:12.665039+00:00,,0,live
NTR,Nutrien Ltd.,105.72,3468620.0,100.93,5.72,5.72,106.36,100.93,100.0,Quote,2026-03-24 20:26:12.665039+00:00,,0,live
WELL,WELL Health Technologies Corp.,3.83,1418288.0,3.7,0.1,2.680965,3.83,3.67,3.73,Quote,2026-03-24 20:26:12.665039+00:00,,0,live
GSY,goeasy Ltd.,39.94,815823.0,40.55,1.12,2.885111,41.75,38.6,38.82,Quote,2026-03-24 20:26:12.665039+00:00,,0,live
CSU,Constellation Software Inc.,2441.11,74288.0,2527.52,-96.79,-3.813783,2537.9,2414.79,2537.9,Quote,2026-03-24 20:26:12.665039+00:00,,0,live
HOU,BetaPro Crude Oil Leveraged Daily Bull ETF,20.87,2464163.0,21.06,1.4,7.190549,21.46,20.28,19.47,Quote,2026-03-24 20:26:12.665039+00:00,,0,live
CJ,Cardinal Energy Ltd.,11.11,1396146.0,10.97,0.21,1.926605,11.34,10.93,10.9,Quote,2026-03-24 20:26:12.665039+00:00,,0,live
TVE,Tamarack Valley Energy Ltd.,11.0,1926512.0,10.91,0.1,0.917431,11.35,10.9,10.9,Quote,2026-03-24 20:26:12.665039+00:00,,0,live
AEM,Agnico Eagle Mines Limited,252.57,925444.0,250.69,0.45,0.178486,255.38,246.0,252.12,Quote,2026-03-24 20:26:12.665039+00:00,,0,live
WEED,Canopy Growth Corporation,1.32,1742644.0,1.33,-0.02,-1.492537,1.335,1.28,1.34,Quote,2026-03-24 20:26:12.665039+00:00,,0,live
ATD,Alimentation Couche-Tard Inc.,77.97,1059562.0,78.49,-0.99,-1.253799,79.08,77.74,78.96,Quote,2026-03-24 20:26:12.665039+00:00,,0,live
ATH,Athabasca Oil Corporation,9.98,2881314.0,9.6,0.44,4.612159,10.14,9.56,9.54,Quote,2026-03-24 20:26:12.665039+00:00,,0,live
FTS,Fortis Inc.,75.84,782694.0,75.53,0.15,0.198177,76.45,75.32,75.69,Quote,2026-03-24 20:26:12.665039+00:00,,0,live
SOBO,South Bow Corporation,46.59,2216643.0,46.48,0.28,0.604621,47.35,46.28,46.31,Quote,2026-03-24 20:26:12.665039+00:00,,0,live
HNU,BetaPro Natural Gas Leveraged Daily Bull ETF,12.05,2768438.0,12.19,0.04,0.333056,12.37,11.88,12.01,Quote,2026-03-24 20:26:12.665039+00:00,,0,live
EQX,Equinox Gold Corp.,17.3,2388670.0,17.18,-0.09,-0.517539,17.43,16.71,17.39,Quote,2026-03-24 20:26:12.665039+00:00,,0,live
NPI,Northland Power Inc.,22.51,997204.0,21.97,0.43,1.947464,22.67,21.97,22.08,Quote,2026-03-24 20:26:12.665039+00:00,,0,live
FRU,Freehold Royalties Ltd.,17.66,790779.0,17.4,0.3,1.728111,17.9,17.35,17.36,Quote,2026-03-24 20:26:12.665039+00:00,,0,live
CLS,Celestica Inc.,414.61,539853.0,390.73,20.8,5.281735,415.0,386.94,393.81,Quote,2026-03-24 20:26:12.665039+00:00,,0,live
BBD.B,Bombardier Inc. Class B Subordinate Voting Shares,235.98,315122.0,236.5,-3.76,-1.568366,239.08,230.4,239.74,Company,2026-03-24 20:26:13.106628+00:00,BBD,1,live
T,TELUS Corporation,18.11,6291074.0,18.23,-0.23,-1.270017,18.23,17.82,18.11,Quote,2026-03-25 20:05:00+00:00,,0,backfill_close
BNS,Bank of Nova Scotia (The),95.66,5528955.0,96.7,0.97,1.014008,96.99,96.13,95.66,Quote,2026-03-25 20:05:00+00:00,,0,backfill_close
ENB,Enbridge Inc.,74.91,3082748.0,74.89,0.38,0.507275,75.575,74.65,74.91,Quote,2026-03-25 20:05:00+00:00,,0,backfill_close
TD,Toronto-Dominion Bank (The),128.7,6805259.0,130.1,1.62,1.258741,130.42,129.15,128.7,Quote,2026-03-25 20:05:00+00:00,,0,backfill_close
BCE,BCE Inc.,35.54,4910965.0,35.67,-0.32,-0.900394,35.74,35.21,35.54,Quote,2026-03-25 20:05:00+00:00,,0,backfill_close
WCP,Whitecap Resources Inc.,14.59,5934740.0,14.5,0.05,0.3427,14.68,14.33,14.59,Quote,2026-03-25 20:05:00+00:00,,0,backfill_close
RY,Royal Bank of Canada,223.18,3210066.0,225.08,1.33,0.595932,225.56,222.99,223.18,Quote,2026-03-25 20:05:00+00:00,,0,backfill_close
CNQ,Canadian Natural Resources Limited,67.48,20871935.0,66.63,0.52,0.770599,68.07,66.45,67.48,Quote,2026-03-25 20:05:00+00:00,,0,backfill_close
CM,Canadian Imperial Bank Of Commerce,133.2,3159643.0,134.5,1.33,0.998498,134.95,133.95,133.2,Quote,2026-03-25 20:05:00+00:00,,0,backfill_close
SU,Suncor Energy Inc.,88.23,7212796.0,87.85,1.19,1.348748,89.57,86.83,88.23,Quote,2026-03-25 20:05:00+00:00,,0,backfill_close
BMO,Bank of Montreal,187.75,1555831.0,189.69,1.72,0.916112,190.5,188.97,187.75,Quote,2026-03-25 20:05:00+00:00,,0,backfill_close
CVE,Cenovus Energy Inc.,35.02,9981154.0,34.76,0.83,2.370074,36.035,34.51,35.02,Quote,2026-03-25 20:05:00+00:00,,0,backfill_close
AC,Air Canada Voting and Variable Voting Shares,18.05,2641708.0,18.32,0.53,2.936288,18.6,18.24,18.05,Quote,2026-03-25 20:05:00+00:00,,0,backfill_close
MFC,Manulife Financial Corporation,47.42,4852077.0,48.0,0.4,0.843526,48.12,47.49,47.42,Quote,2026-03-25 20:05:00+00:00,,0,backfill_close
BTE,Baytex Energy Corp.,5.66,6129811.0,5.6,0.12,2.120141,5.78,5.57,5.66,Quote,2026-03-25 20:05:00+00:00,,0,backfill_close
MDA,MDA Space Ltd.,40.3,2973395.0,40.0,-1.85,-4.590571,40.085,36.23,40.3,Quote,2026-03-25 20:05:00+00:00,,0,backfill_close
DOL,Dollarama Inc.,168.66,1070671.0,170.15,3.35,1.986245,173.005,168.3,168.66,Quote,2026-03-25 20:05:00+00:00,,0,backfill_close
PPL,Pembina Pipeline Corporation,62.1,2766416.0,62.0,0.95,1.529791,63.2,62.0,62.1,Quote,2026-03-25 20:05:00+00:00,,0,backfill_close
SHOP,Shopify Inc. Class A Subordinate Voting Shares,159.84,1849494.0,164.62,3.88,2.427428,167.27,159.64,159.84,Quote,2026-03-25 20:05:00+00:00,,0,backfill_close
NA,National Bank of Canada,179.48,1633923.0,180.83,1.75,0.975039,181.95,180.13,179.48,Quote,2026-03-25 20:05:00+00:00,,1,backfill_close
BLX,Boralex Inc. Class A Shares,33.0,6597634.0,36.5,3.62,10.969697,36.72,36.45,33.0,Quote,2026-03-25 20:05:00+00:00,,0,backfill_close
CNR,Canadian National Railway Company,139.03,1973908.0,140.07,1.66,1.193987,141.34,138.88,139.03,Quote,2026-03-25 20:05:00+00:00,,0,backfill_close
BTO,B2Gold Corp.,5.66,6265645.0,5.99,0.15,2.650177,6.03,5.76,5.66,Quote,2026-03-25 20:05:00+00:00,,0,backfill_close
TRP,TC Energy Corporation,88.24,10838040.0,88.84,0.52,0.589302,88.96,88.02,88.24,Quote,2026-03-25 20:05:00+00:00,,0,backfill_close
ARX,ARC Resources Ltd.,29.29,5724767.0,28.92,0.13,0.443837,29.49,28.88,29.29,Quote,2026-03-25 20:05:00+00:00,,0,backfill_close
SLF,Sun Life Financial Inc.,86.81,894309.0,87.67,-0.07,-0.080636,87.99,86.56,86.81,Quote,2026-03-25 20:05:00+00:00,,0,backfill_close
ABX,Barrick Mining Corporation,52.43,10066174.0,54.75,1.49,2.841884,54.75,53.48,52.43,Quote,2026-03-25 20:05:00+00:00,,0,backfill_close
ATD,Alimentation Couche-Tard Inc.,77.97,1068047.0,78.85,0.65,0.833654,78.95,77.64,77.97,Quote,2026-03-25 20:05:00+00:00,,0,backfill_close
TOU,Tourmaline Oil Corp.,69.31,1550352.0,68.91,-0.8,-1.154235,69.4,67.91,69.31,Quote,2026-03-25 20:05:00+00:00,,0,backfill_close
POW,Power Corporation of Canada Subordinate Voting Shares,65.97,2632785.0,66.37,1.77,2.683038,67.9,65.98,65.97,Quote,2026-03-25 20:05:00+00:00,,0,backfill_close
BAM,Brookfield Asset Management Ltd. Class A Limited Voting Shares,59.02,1368154.0,59.9,1.37,2.321247,60.47,58.84,59.02,Quote,2026-03-25 20:05:00+00:00,,0,backfill_close
AQN,Algonquin Power & Utilities Corp.,8.68,2817185.0,8.74,-0.02,-0.230415,8.83,8.66,8.68,Quote,2026-03-25 20:05:00+00:00,,0,backfill_close
WEED,Canopy Growth Corporation,1.32,1679313.0,1.3,0.03,2.272727,1.38,1.3,1.32,Quote,2026-03-25 20:05:00+00:00,,0,backfill_close
GSY,goeasy Ltd.,39.94,485145.0,40.31,-0.18,-0.450676,40.84,38.07,39.94,Quote,2026-03-25 20:05:00+00:00,,0,backfill_close
NTR,Nutrien Ltd.,105.72,2100197.0,105.61,0.19,0.17972,106.61,104.145,105.72,Quote,2026-03-25 20:05:00+00:00,,0,backfill_close
CCO,Cameco Corporation,148.62,583921.0,153.0,1.99,1.338985,154.47,150.19,148.62,Quote,2026-03-25 20:05:00+00:00,,0,backfill_close
NPI,Northland Power Inc.,22.51,1583318.0,22.77,0.65,2.887605,23.58,22.75,22.51,Quote,2026-03-25 20:05:00+00:00,,0,backfill_close
WELL,WELL Health Technologies Corp.,3.83,1858695.0,3.9,0.03,0.78329,3.93,3.79,3.83,Quote,2026-03-25 20:05:00+00:00,,0,backfill_close
AEM,Agnico Eagle Mines Limited,252.57,1439993.0,264.58,13.24,5.242111,266.99,259.62,252.57,Quote,2026-03-25 20:05:00+00:00,,0,backfill_close
FTS,Fortis Inc.,75.84,1218461.0,76.4,0.64,0.843882,77.09,75.98,75.84,Quote,2026-03-25 20:05:00+00:00,,0,backfill_close
TLRY,Tilray Brands Inc.,9.19,800951.0,9.34,0.4,4.352557,9.76,9.34,9.19,Quote,2026-03-25 20:05:00+00:00,,0,backfill_close
CPX,Capital Power Corporation,64.35,581278.0,65.16,1.45,2.253302,66.4,65.03,64.35,Quote,2026-03-25 20:05:00+00:00,,0,backfill_close
CSU,Constellation Software Inc.,2441.11,79420.0,2457.79,-34.36,-1.407556,2523.895,2386.83,2441.11,Quote,2026-03-25 20:05:00+00:00,,0,backfill_close
TVE,Tamarack Valley Energy Ltd.,11.0,2550816.0,10.94,0.04,0.363636,11.12,10.86,11.0,Quote,2026-03-25 20:05:00+00:00,,0,backfill_close
BB,BlackBerry Limited,4.46,2808825.0,4.51,0.08,1.793722,4.625,4.49,4.46,Quote,2026-03-25 20:05:00+00:00,,0,backfill_close
CP,Canadian Pacific Kansas City Limited,109.09,1737063.0,110.11,1.5,1.375011,111.1,108.59,109.09,Quote,2026-03-25 20:05:00+00:00,,0,backfill_close
CJ,Cardinal Energy Ltd.,11.11,1274138.0,11.05,-0.12,-1.080108,11.12,10.955,11.11,Quote,2026-03-25 20:05:00+00:00,,0,backfill_close
HIVE,HIVE Digital Technologies Ltd.,2.86,1501273.0,2.93,0.09,3.146853,3.03,2.91,2.86,Quote,2026-03-25 20:05:00+00:00,,0,backfill_close
ATH,Athabasca Oil Corporation,9.98,3093918.0,9.83,-0.21,-2.104208,10.14,9.755,9.98,Quote,2026-03-25 20:05:00+00:00,,0,backfill_close
T,TELUS Corporation,17.85,7032703.0,17.87,-0.03,-0.167785,17.99,17.73,17.88,Quote,2026-03-26 21:29:48.742162+00:00,,0,live
BNS,Bank of Nova Scotia (The),95.02,3783542.0,95.99,-1.61,-1.666149,96.99,94.89,96.63,Quote,2026-03-26 21:29:48.742162+00:00,,0,live
WCP,Whitecap Resources Inc.,14.95,9178023.0,14.75,0.31,2.117486,15.1,14.64,14.64,Quote,2026-03-26 21:29:48.742162+00:00,,0,live
RY,Royal Bank of Canada,222.0,2403691.0,222.97,-2.51,-1.11799,225.1,221.72,224.51,Quote,2026-03-26 21:29:48.742162+00:00,,0,live
ENB,Enbridge Inc.,75.49,3737446.0,75.38,0.2,0.26564,76.0,75.06,75.29,Quote,2026-03-26 21:29:48.742162+00:00,,0,live
BCE,BCE Inc.,35.25,2364457.0,35.28,0.03,0.085179,35.53,35.14,35.22,Quote,2026-03-26 21:29:48.742162+00:00,,0,live
TD,Toronto-Dominion Bank (The),128.66,5337130.0,129.08,-1.66,-1.273788,130.9,128.41,130.32,Quote,2026-03-26 21:29:48.742162+00:00,,0,live
CNQ,Canadian Natural Resources Limited,67.52,17568696.0,68.3,-0.48,-0.705882,68.87,67.5,68.0,Quote,2026-03-26 21:29:48.742162+00:00,,0,live
CVE,Cenovus Energy Inc.,36.01,12612740.0,36.14,0.16,0.446304,36.47,35.8,35.85,Quote,2026-03-26 21:29:48.742162+00:00,,0,live
SU,Suncor Energy Inc.,90.06,8553157.0,89.8,0.64,0.715724,90.94,89.08,89.42,Quote,2026-03-26 21:29:48.742162+00:00,,0,live
BTE,Baytex Energy Corp.,5.86,8918675.0,5.81,0.08,1.384083,6.0,5.81,5.78,Quote,2026-03-26 21:29:48.742162+00:00,,0,live
CM,Canadian Imperial Bank Of Commerce,130.71,3035044.0,133.59,-3.82,-2.839515,134.58,130.595,134.53,Quote,2026-03-26 21:29:48.742162+00:00,,0,live
AC,Air Canada Voting and Variable Voting Shares,18.3,2617616.0,18.36,-0.28,-1.506997,18.66,18.25,18.58,Quote,2026-03-26 21:29:48.742162+00:00,,0,live
BMO,Bank of Montreal,183.56,1807484.0,187.66,-5.91,-3.119227,189.78,183.28,189.47,Quote,2026-03-26 21:29:48.742162+00:00,,0,live
MFC,Manulife Financial Corporation,47.73,2592412.0,47.51,-0.09,-0.188206,48.215,47.44,47.82,Quote,2026-03-26 21:29:48.742162+00:00,,0,live
NA,National Bank of Canada,179.06,2922542.0,179.92,-2.17,-1.197374,181.65,178.72,181.23,Quote,2026-03-26 21:29:48.742162+00:00,,1,live
PPL,Pembina Pipeline Corporation,63.33,1462346.0,63.0,0.28,0.444092,63.73,62.93,63.05,Quote,2026-03-26 21:29:48.742162+00:00,,0,live
MDA,MDA Space Ltd.,36.95,1079597.0,37.87,-1.5,-3.90117,38.56,36.89,38.45,Quote,2026-03-26 21:29:48.742162+00:00,,0,live
CNR,Canadian National Railway Company,140.64,1798557.0,140.27,-0.05,-0.035539,141.96,139.3,140.69,Quote,2026-03-26 21:29:48.742162+00:00,,0,live
TRP,TC Energy Corporation,88.23,16194226.0,88.55,-0.53,-0.597116,88.98,87.605,88.76,Quote,2026-03-26 21:29:48.742162+00:00,,0,live
DOL,Dollarama Inc.,168.84,763746.0,171.36,-3.17,-1.842916,173.93,168.77,172.01,Quote,2026-03-26 21:29:48.742162+00:00,,0,live
SHOP,Shopify Inc. Class A Subordinate Voting Shares,159.95,1101978.0,160.6,-3.77,-2.302712,166.89,159.15,163.72,Quote,2026-03-26 21:29:48.742162+00:00,,0,live
ARX,ARC Resources Ltd.,28.96,6014880.0,29.75,-0.46,-1.563562,29.83,28.94,29.42,Quote,2026-03-26 21:29:48.742162+00:00,,0,live
TOU,Tourmaline Oil Corp.,67.15,1558763.0,68.83,-1.36,-1.985112,69.21,66.87,68.51,Quote,2026-03-26 21:29:48.742162+00:00,,0,live
ATH,Athabasca Oil Corporation,9.91,3569022.0,9.91,0.14,1.432958,10.06,9.85,9.77,Quote,2026-03-26 21:29:48.742162+00:00,,0,live
BTO,B2Gold Corp.,5.66,5034767.0,5.65,-0.15,-2.581756,5.96,5.63,5.81,Quote,2026-03-26 21:29:48.742162+00:00,,0,live
ABX,Barrick Mining Corporation,51.91,9478890.0,52.33,-2.01,-3.727745,54.07,51.77,53.92,Quote,2026-03-26 21:29:48.742162+00:00,,0,live
NTR,Nutrien Ltd.,102.03,2939274.0,104.97,-3.88,-3.663488,107.54,101.45,105.91,Quote,2026-03-26 21:29:48.742162+00:00,,0,live
NPI,Northland Power Inc.,23.27,1121276.0,23.16,0.11,0.474957,23.62,23.14,23.16,Quote,2026-03-26 21:29:48.742162+00:00,,0,live
ATD,Alimentation Couche-Tard Inc.,78.2,744859.0,78.21,-0.42,-0.534215,79.43,77.97,78.62,Quote,2026-03-26 21:29:48.742162+00:00,,0,live
AQN,Algonquin Power & Utilities Corp.,8.6,2844117.0,8.62,-0.06,-0.692841,8.715,8.59,8.66,Quote,2026-03-26 21:29:48.742162+00:00,,0,live
POW,Power Corporation of Canada Subordinate Voting Shares,66.82,3689487.0,67.28,-0.92,-1.358134,68.23,66.82,67.74,Quote,2026-03-26 21:29:48.742162+00:00,,0,live
SLF,Sun Life Financial Inc.,86.65,728560.0,86.13,-0.09,-0.103758,87.2,86.0,86.74,Quote,2026-03-26 21:29:48.742162+00:00,,0,live
TVE,Tamarack Valley Energy Ltd.,11.2,2579045.0,11.13,0.16,1.449275,11.4,11.1,11.04,Quote,2026-03-26 21:29:48.742162+00:00,,0,live
GSY,goeasy Ltd.,38.2,337021.0,39.47,-1.56,-3.923541,40.41,38.0,39.76,Quote,2026-03-26 21:29:48.742162+00:00,,0,live
WELL,WELL Health Technologies Corp.,3.8,1315630.0,3.85,-0.06,-1.554404,3.88,3.76,3.86,Quote,2026-03-26 21:29:48.742162+00:00,,0,live
AEM,Agnico Eagle Mines Limited,260.02,1084633.0,256.76,-5.79,-2.178248,271.24,256.76,265.81,Quote,2026-03-26 21:29:48.742162+00:00,,0,live
CCO,Cameco Corporation,144.99,563877.0,148.57,-5.62,-3.731492,150.2,144.5,150.61,Quote,2026-03-26 21:29:48.742162+00:00,,0,live
BB,BlackBerry Limited,4.5,1731106.0,4.54,-0.04,-0.881057,4.665,4.49,4.54,Quote,2026-03-26 21:29:48.742162+00:00,,0,live
FRU,Freehold Royalties Ltd.,17.47,1072792.0,17.76,-0.19,-1.075878,17.92,17.44,17.66,Quote,2026-03-26 21:29:48.742162+00:00,,0,live
FTS,Fortis Inc.,77.1,655675.0,76.62,0.62,0.810669,77.24,76.45,76.48,Quote,2026-03-26 21:29:48.742162+00:00,,0,live
CLS,Celestica Inc.,378.58,445543.0,404.42,-39.03,-9.346041,406.01,377.59,417.61,Quote,2026-03-26 21:29:48.742162+00:00,,0,live
SOBO,South Bow Corporation,47.08,2018316.0,47.25,-0.12,-0.254237,47.67,47.0,47.2,Quote,2026-03-26 21:29:48.742162+00:00,,0,live
WEED,Canopy Growth Corporation,1.28,2532320.0,1.33,-0.07,-5.185185,1.37,1.28,1.35,Quote,2026-03-26 21:29:48.742162+00:00,,0,live
PEY,Peyto Exploration & Development Corp.,27.06,1613751.0,28.41,-1.12,-3.97445,28.6,26.9,28.18,Quote,2026-03-26 21:29:48.742162+00:00,,0,live
BAM,Brookfield Asset Management Ltd. Class A Limited Voting Shares,60.47,1628084.0,59.75,0.08,0.132472,61.99,59.74,60.39,Quote,2026-03-26 21:29:48.742162+00:00,,0,live
CJ,Cardinal Energy Ltd.,10.95,1607237.0,11.1,-0.04,-0.363967,11.2,10.92,10.99,Quote,2026-03-26 21:29:48.742162+00:00,,0,live
VET,Vermilion Energy Inc.,18.39,1104315.0,18.41,0.15,0.822368,18.92,18.3,18.24,Quote,2026-03-26 21:29:48.742162+00:00,,0,live
TRI,Thomson Reuters Corporation,125.36,669285.0,120.72,4.49,3.714735,125.56,120.46,120.87,Quote,2026-03-26 21:29:48.742162+00:00,,0,live
BBD.B,Bombardier Inc. Class B Subordinate Voting Shares,239.31,192753.0,242.0,-7.16,-2.905019,248.0,239.0,246.47,Company,2026-03-26 21:29:48.742162+00:00,BBD,1,live
T,TELUS Corporation,17.73,5397998.0,17.77,-0.12,-0.672269,17.81,17.58,17.85,Quote,2026-03-27 23:32:39.379909+00:00,,0,live
WCP,Whitecap Resources Inc.,15.54,10545980.0,15.1,0.59,3.946488,15.58,15.05,14.95,Quote,2026-03-27 23:32:39.379909+00:00,,0,live
BNS,Bank of Nova Scotia (The),94.09,5052894.0,94.54,-0.93,-0.978741,94.8,93.85,95.02,Quote,2026-03-27 23:32:39.379909+00:00,,0,live
BCE,BCE Inc.,35.06,3144332.0,35.25,-0.19,-0.539007,35.34,34.94,35.25,Quote,2026-03-27 23:32:39.379909+00:00,,0,live
CNQ,Canadian Natural Resources Limited,69.46,21281631.0,68.55,1.94,2.873223,69.55,68.02,67.52,Quote,2026-03-27 23:32:39.379909+00:00,,0,live
RY,Royal Bank of Canada,219.85,3784827.0,221.1,-2.15,-0.968468,221.59,218.87,222.0,Quote,2026-03-27 23:32:39.379909+00:00,,0,live
TD,Toronto-Dominion Bank (The),126.87,5403839.0,128.0,-1.79,-1.391264,128.32,126.46,128.66,Quote,2026-03-27 23:32:39.379909+00:00,,0,live
SU,Suncor Energy Inc.,92.5,7370851.0,90.57,2.44,2.709305,92.56,90.06,90.06,Quote,2026-03-27 23:32:39.379909+00:00,,0,live
ENB,Enbridge Inc.,75.83,2826924.0,75.54,0.34,0.450391,76.28,75.5,75.49,Quote,2026-03-27 23:32:39.379909+00:00,,0,live
CVE,Cenovus Energy Inc.,37.23,9727511.0,36.29,1.22,3.387948,37.31,36.15,36.01,Quote,2026-03-27 23:32:39.379909+00:00,,0,live
CM,Canadian Imperial Bank Of Commerce,128.9,2466957.0,129.05,-1.81,-1.384745,129.35,128.01,130.71,Quote,2026-03-27 23:32:39.379909+00:00,,0,live
BMO,Bank of Montreal,183.03,1972449.0,182.38,-0.53,-0.288734,183.03,180.3,183.56,Quote,2026-03-27 23:32:39.379909+00:00,,0,live
BTE,Baytex Energy Corp.,6.0,11620958.0,5.91,0.14,2.389079,6.055,5.9,5.86,Quote,2026-03-27 23:32:39.379909+00:00,,0,live
MFC,Manulife Financial Corporation,46.74,3712342.0,47.41,-0.99,-2.074167,47.56,46.51,47.73,Quote,2026-03-27 23:32:39.379909+00:00,,0,live
AC,Air Canada Voting and Variable Voting Shares,17.91,2480800.0,18.15,-0.39,-2.131148,18.285,17.8,18.3,Quote,2026-03-27 23:32:39.379909+00:00,,0,live
PPL,Pembina Pipeline Corporation,63.57,1657804.0,63.4,0.24,0.378967,64.03,63.25,63.33,Quote,2026-03-27 23:32:39.379909+00:00,,0,live
SHOP,Shopify Inc. Class A Subordinate Voting Shares,155.42,1591998.0,157.89,-4.53,-2.832135,159.34,153.0,159.95,Quote,2026-03-27 23:32:39.379909+00:00,,0,live
NA,National Bank of Canada,177.49,2192761.0,178.16,-1.57,-0.876801,178.79,176.49,179.06,Quote,2026-03-27 23:32:39.379909+00:00,,1,live
ATH,Athabasca Oil Corporation,10.69,5432143.0,10.05,0.78,7.870838,10.7,10.01,9.91,Quote,2026-03-27 23:32:39.379909+00:00,,0,live
ABX,Barrick Mining Corporation,53.43,6904403.0,51.78,1.52,2.928145,54.08,51.75,51.91,Quote,2026-03-27 23:32:39.379909+00:00,,0,live
TOU,Tourmaline Oil Corp.,68.37,1714586.0,67.49,1.22,1.816828,68.45,66.86,67.15,Quote,2026-03-27 23:32:39.379909+00:00,,0,live
ARX,ARC Resources Ltd.,29.39,4521208.0,29.0,0.43,1.484807,29.43,28.885,28.96,Quote,2026-03-27 23:32:39.379909+00:00,,0,live
TRP,TC Energy Corporation,88.15,8603705.0,88.0,-0.08,-0.090672,89.14,87.75,88.23,Quote,2026-03-27 23:32:39.379909+00:00,,0,live
DOL,Dollarama Inc.,166.76,778747.0,168.42,-2.08,-1.231936,169.48,166.0,168.84,Quote,2026-03-27 23:32:39.379909+00:00,,0,live
TVE,Tamarack Valley Energy Ltd.,11.67,2310101.0,11.25,0.47,4.196429,11.71,11.22,11.2,Quote,2026-03-27 23:32:39.379909+00:00,,0,live
MDA,MDA Space Ltd.,34.52,1702353.0,36.68,-2.43,-6.576455,36.75,34.5,36.95,Quote,2026-03-27 23:32:39.379909+00:00,,0,live
CNR,Canadian National Railway Company,140.82,2162012.0,139.76,0.18,0.127986,141.26,139.65,140.64,Quote,2026-03-27 23:32:39.379909+00:00,,0,live
HOU,BetaPro Crude Oil Leveraged Daily Bull ETF,23.16,2364644.0,22.64,1.61,7.470998,23.66,22.42,21.55,Quote,2026-03-27 23:32:39.379909+00:00,,0,live
AEM,Agnico Eagle Mines Limited,268.22,716824.0,260.01,8.2,3.153604,269.5,258.3,260.02,Quote,2026-03-27 23:32:39.379909+00:00,,0,live
CJ,Cardinal Energy Ltd.,11.3,1421471.0,10.96,0.35,3.196347,11.3,10.95,10.95,Quote,2026-03-27 23:32:39.379909+00:00,,0,live
HNU,BetaPro Natural Gas Leveraged Daily Bull ETF,13.13,2356085.0,13.13,0.91,7.446808,13.36,12.66,12.22,Quote,2026-03-27 23:32:39.379909+00:00,,0,live
SLF,Sun Life Financial Inc.,85.26,1144129.0,86.28,-1.39,-1.604155,86.35,85.0,86.65,Quote,2026-03-27 23:32:39.379909+00:00,,0,live
BTO,B2Gold Corp.,5.89,8576509.0,5.68,0.23,4.063604,5.99,5.67,5.66,Quote,2026-03-27 23:32:39.379909+00:00,,0,live
WEED,Canopy Growth Corporation,1.23,1392028.0,1.3,-0.05,-3.90625,1.305,1.23,1.28,Quote,2026-03-27 23:32:39.379909+00:00,,0,live
AQN,Algonquin Power & Utilities Corp.,8.57,1915073.0,8.52,-0.03,-0.348837,8.625,8.495,8.6,Quote,2026-03-27 23:32:39.379909+00:00,,0,live
NTR,Nutrien Ltd.,105.04,1619413.0,102.76,3.01,2.950113,105.15,102.22,102.03,Quote,2026-03-27 23:32:39.379909+00:00,,0,live
VET,Vermilion Energy Inc.,19.31,1277020.0,18.92,0.92,5.002719,19.45,18.6,18.39,Quote,2026-03-27 23:32:39.379909+00:00,,0,live
CSU,Constellation Software Inc.,2358.89,89207.0,2396.99,-27.87,-1.167692,2401.63,2307.16,2386.76,Quote,2026-03-27 23:32:39.379909+00:00,,0,live
CCO,Cameco Corporation,144.31,637297.0,141.94,-0.68,-0.468998,146.63,140.61,144.99,Quote,2026-03-27 23:32:39.379909+00:00,,0,live
FRU,Freehold Royalties Ltd.,17.64,1242943.0,17.4,0.17,0.973097,17.65,17.35,17.47,Quote,2026-03-27 23:32:39.379909+00:00,,0,live
HHIS,Harvest Diversified High Income Shares ETF,9.83,1088689.0,10.06,-0.31,-3.057199,10.06,9.8,10.14,Quote,2026-03-27 23:32:39.379909+00:00,,0,live
GSY,goeasy Ltd.,36.42,253648.0,37.72,-1.78,-4.659686,37.91,35.58,38.2,Quote,2026-03-27 23:32:39.379909+00:00,,0,live
POW,Power Corporation of Canada Subordinate Voting Shares,66.19,3407497.0,66.6,-0.63,-0.942832,66.77,66.02,66.82,Quote,2026-03-27 23:32:39.379909+00:00,,0,live
ATD,Alimentation Couche-Tard Inc.,77.62,634990.0,77.74,-0.58,-0.741688,78.07,77.09,78.2,Quote,2026-03-27 23:32:39.379909+00:00,,0,live
PEY,Peyto Exploration & Development Corp.,26.85,1924044.0,27.01,-0.21,-0.776053,27.32,26.55,27.06,Quote,2026-03-27 23:32:39.379909+00:00,,0,live
HOD,BetaPro Crude Oil Inverse Leveraged Daily Bear ETF,1.51,16335128.0,1.56,-0.13,-7.926829,1.57,1.48,1.64,Quote,2026-03-27 23:32:39.379909+00:00,,0,live
WELL,WELL Health Technologies Corp.,3.76,1261665.0,3.76,-0.04,-1.052632,3.8,3.71,3.8,Quote,2026-03-27 23:32:39.379909+00:00,,0,live
HUT,Hut 8 Corp.,65.8,889420.0,68.6,-4.25,-6.067095,69.05,64.8,70.05,Quote,2026-03-27 23:32:39.379909+00:00,,0,live
FTS,Fortis Inc.,77.29,1178987.0,76.93,0.19,0.246433,77.3,76.69,77.1,Quote,2026-03-27 23:32:39.379909+00:00,,0,live
BBD.B,Bombardier Inc. Class B Subordinate Voting Shares,237.37,207832.0,235.8,-1.94,-0.810664,240.44,234.0,239.31,Company,2026-03-27 23:32:39.379909+00:00,BBD,1,live
T,TELUS Corporation,17.73,5397998.0,17.77,-0.12,-0.672269,17.81,17.58,17.85,Quote,2026-03-28 21:23:26.169940+00:00,,0,live
ENB,Enbridge Inc.,75.83,2826924.0,75.54,0.34,0.450391,76.28,75.5,75.49,Quote,2026-03-28 21:23:26.169940+00:00,,0,live
BNS,Bank of Nova Scotia (The),94.09,5052894.0,94.54,-0.93,-0.978741,94.8,93.85,95.02,Quote,2026-03-28 21:23:26.169940+00:00,,0,live
RY,Royal Bank of Canada,219.85,3784827.0,221.1,-2.15,-0.968468,221.59,218.87,222.0,Quote,2026-03-28 21:23:26.169940+00:00,,0,live
TD,Toronto-Dominion Bank (The),126.87,5403839.0,128.0,-1.79,-1.391264,128.32,126.46,128.66,Quote,2026-03-28 21:23:26.169940+00:00,,0,live
WCP,Whitecap Resources Inc.,15.54,10545980.0,15.1,0.59,3.946488,15.58,15.05,14.95,Quote,2026-03-28 21:23:26.169940+00:00,,0,live
CNQ,Canadian Natural Resources Limited,69.46,21281631.0,68.55,1.94,2.873223,69.55,68.02,67.52,Quote,2026-03-28 21:23:26.169940+00:00,,0,live
SU,Suncor Energy Inc.,92.5,7370851.0,90.57,2.44,2.709305,92.56,90.06,90.06,Quote,2026-03-28 21:23:26.169940+00:00,,0,live
BCE,BCE Inc.,35.06,3144332.0,35.25,-0.19,-0.539007,35.34,34.94,35.25,Quote,2026-03-28 21:23:26.169940+00:00,,0,live
BMO,Bank of Montreal,183.03,1972449.0,182.38,-0.53,-0.288734,183.03,180.3,183.56,Quote,2026-03-28 21:23:26.169940+00:00,,0,live
CM,Canadian Imperial Bank Of Commerce,128.9,2466957.0,129.05,-1.81,-1.384745,129.35,128.01,130.71,Quote,2026-03-28 21:23:26.169940+00:00,,0,live
CVE,Cenovus Energy Inc.,37.23,9727511.0,36.29,1.22,3.387948,37.31,36.15,36.01,Quote,2026-03-28 21:23:26.169940+00:00,,0,live
MFC,Manulife Financial Corporation,46.74,3712342.0,47.41,-0.99,-2.074167,47.56,46.51,47.73,Quote,2026-03-28 21:23:26.169940+00:00,,0,live
TRP,TC Energy Corporation,88.15,8603705.0,88.0,-0.08,-0.090672,89.14,87.75,88.23,Quote,2026-03-28 21:23:26.169940+00:00,,0,live
PPL,Pembina Pipeline Corporation,63.57,1657804.0,63.4,0.24,0.378967,64.03,63.25,63.33,Quote,2026-03-28 21:23:26.169940+00:00,,0,live
NA,National Bank of Canada,177.49,2192761.0,178.16,-1.57,-0.876801,178.79,176.49,179.06,Quote,2026-03-28 21:23:26.169940+00:00,,1,live
SLF,Sun Life Financial Inc.,85.26,1144129.0,86.28,-1.39,-1.604155,86.35,85.0,86.65,Quote,2026-03-28 21:23:26.169940+00:00,,0,live
CNR,Canadian National Railway Company,140.82,2162012.0,139.76,0.18,0.127986,141.26,139.65,140.64,Quote,2026-03-28 21:23:26.169940+00:00,,0,live
POW,Power Corporation of Canada Subordinate Voting Shares,66.19,3407497.0,66.6,-0.63,-0.942832,66.77,66.02,66.82,Quote,2026-03-28 21:23:26.169940+00:00,,0,live
ATD,Alimentation Couche-Tard Inc.,77.62,634990.0,77.74,-0.58,-0.741688,78.07,77.09,78.2,Quote,2026-03-28 21:23:26.169940+00:00,,0,live
SOBO,South Bow Corporation,47.49,1549000.0,47.12,0.41,0.870858,47.8,46.9,47.08,Quote,2026-03-28 21:23:26.169940+00:00,,0,live
FTS,Fortis Inc.,77.29,1178987.0,76.93,0.19,0.246433,77.3,76.69,77.1,Quote,2026-03-28 21:23:26.169940+00:00,,0,live
AC,Air Canada Voting and Variable Voting Shares,17.91,2480800.0,18.15,-0.39,-2.131148,18.285,17.8,18.3,Quote,2026-03-28 21:23:26.169940+00:00,,0,live
ARX,ARC Resources Ltd.,29.39,4521208.0,29.0,0.43,1.484807,29.43,28.885,28.96,Quote,2026-03-28 21:23:26.169940+00:00,,0,live
BTE,Baytex Energy Corp.,6.0,11620958.0,5.91,0.14,2.389079,6.055,5.9,5.86,Quote,2026-03-28 21:23:26.169940+00:00,,0,live
NTR,Nutrien Ltd.,105.04,1619413.0,102.76,3.01,2.950113,105.15,102.22,102.03,Quote,2026-03-28 21:23:26.169940+00:00,,0,live
AQN,Algonquin Power & Utilities Corp.,8.57,1915073.0,8.52,-0.03,-0.348837,8.625,8.495,8.6,Quote,2026-03-28 21:23:26.169940+00:00,,0,live
TVE,Tamarack Valley Energy Ltd.,11.67,2310101.0,11.25,0.47,4.196429,11.71,11.22,11.2,Quote,2026-03-28 21:23:26.169940+00:00,,0,live
EMA,Emera Incorporated,71.35,921286.0,71.41,-0.05,-0.070028,71.45,70.685,71.4,Quote,2026-03-28 21:23:26.169940+00:00,,0,live
TOU,Tourmaline Oil Corp.,68.37,1714586.0,67.49,1.22,1.816828,68.45,66.86,67.15,Quote,2026-03-28 21:23:26.169940+00:00,,0,live
ATH,Athabasca Oil Corporation,10.69,5432143.0,10.05,0.78,7.870838,10.7,10.01,9.91,Quote,2026-03-28 21:23:26.169940+00:00,,0,live
CPX,Capital Power Corporation,65.55,693225.0,65.41,-0.18,-0.273848,66.66,65.14,65.73,Quote,2026-03-28 21:23:26.169940+00:00,,0,live
DOL,Dollarama Inc.,166.76,778747.0,168.42,-2.08,-1.231936,169.48,166.0,168.84,Quote,2026-03-28 21:23:26.169940+00:00,,0,live
ABX,Barrick Mining Corporation,53.43,6904403.0,51.78,1.52,2.928145,54.08,51.75,51.91,Quote,2026-03-28 21:23:26.169940+00:00,,0,live
HHIS,Harvest Diversified High Income Shares ETF,9.83,1088689.0,10.06,-0.31,-3.057199,10.06,9.8,10.14,Quote,2026-03-28 21:23:26.169940+00:00,,0,live
BAM,Brookfield Asset Management Ltd. Class A Limited Voting Shares,59.93,1068152.0,60.24,-0.54,-0.893005,60.53,59.355,60.47,Quote,2026-03-28 21:23:26.169940+00:00,,0,live
NPI,Northland Power Inc.,23.26,1176955.0,23.12,-0.01,-0.042974,23.32,22.965,23.27,Quote,2026-03-28 21:23:26.169940+00:00,,0,live
CP,Canadian Pacific Kansas City Limited,108.64,1459445.0,108.47,-0.79,-0.721923,109.7,108.03,109.43,Quote,2026-03-28 21:23:26.169940+00:00,,0,live
GWO,Great-West Lifeco Inc.,63.47,681917.0,64.16,-0.8,-1.244749,64.16,63.28,64.27,Quote,2026-03-28 21:23:26.169940+00:00,,0,live
FRU,Freehold Royalties Ltd.,17.64,1242943.0,17.4,0.17,0.973097,17.65,17.35,17.47,Quote,2026-03-28 21:23:26.169940+00:00,,0,live
AEM,Agnico Eagle Mines Limited,268.22,716824.0,260.01,8.2,3.153604,269.5,258.3,260.02,Quote,2026-03-28 21:23:26.169940+00:00,,0,live
MSFT,Microsoft CDR (CAD Hedged),25.35,666716.0,25.57,-0.59,-2.27448,25.61,25.24,25.94,Quote,2026-03-28 21:23:26.169940+00:00,,0,live
ALA,AltaGas Ltd.,48.55,1045820.0,48.13,0.47,0.977537,48.6,48.05,48.08,Quote,2026-03-28 21:23:26.169940+00:00,,0,live
KEY,Keyera Corp.,54.34,954028.0,54.27,0.09,0.165899,54.82,54.03,54.25,Quote,2026-03-28 21:23:26.169940+00:00,,0,live
SHOP,Shopify Inc. Class A Subordinate Voting Shares,155.42,1591998.0,157.89,-4.53,-2.832135,159.34,153.0,159.95,Quote,2026-03-28 21:23:26.169940+00:00,,0,live
MDA,MDA Space Ltd.,34.52,1702353.0,36.68,-2.43,-6.576455,36.75,34.5,36.95,Quote,2026-03-28 21:23:26.169940+00:00,,0,live
XNDU,Xanadu Quantum Technologies Limited Class B Subordinate Voting Shares,16.03,135889.0,14.4,1.63,11.319445,17.02,12.49,,Quote,2026-03-28 21:23:26.169940+00:00,,0,live
ZWU,BMO Covered Call Utilities ETF,12.18,430349.0,12.12,0.0,0.0,12.235,12.12,12.18,Quote,2026-03-28 21:23:26.169940+00:00,,0,live
GSY,goeasy Ltd.,36.42,253648.0,37.72,-1.78,-4.659686,37.91,35.58,38.2,Quote,2026-03-28 21:23:26.169940+00:00,,0,live
BBD.B,Bombardier Inc. Class B Subordinate Voting Shares,237.37,207832.0,235.8,-1.94,-0.810664,240.44,234.0,239.31,Company,2026-03-28 21:23:26.169940+00:00,BBD,1,live
T,TELUS Corporation,17.73,5397998.0,17.77,-0.12,-0.672269,17.81,17.58,17.85,Quote,2026-03-29 20:43:31.764016+00:00,,0,live
WCP,Whitecap Resources Inc.,15.54,10545980.0,15.1,0.59,3.946488,15.58,15.05,14.95,Quote,2026-03-29 20:43:31.764016+00:00,,0,live
BNS,Bank of Nova Scotia (The),94.09,5052894.0,94.54,-0.93,-0.978741,94.8,93.85,95.02,Quote,2026-03-29 20:43:31.764016+00:00,,0,live
ENB,Enbridge Inc.,75.83,2826924.0,75.54,0.34,0.450391,76.28,75.5,75.49,Quote,2026-03-29 20:43:31.764016+00:00,,0,live
CNQ,Canadian Natural Resources Limited,69.46,21281631.0,68.55,1.94,2.873223,69.55,68.02,67.52,Quote,2026-03-29 20:43:31.764016+00:00,,0,live
TD,Toronto-Dominion Bank (The),126.87,5403839.0,128.0,-1.79,-1.391264,128.32,126.46,128.66,Quote,2026-03-29 20:43:31.764016+00:00,,0,live
RY,Royal Bank of Canada,219.85,3784827.0,221.1,-2.15,-0.968468,221.59,218.87,222.0,Quote,2026-03-29 20:43:31.764016+00:00,,0,live
BCE,BCE Inc.,35.06,3144332.0,35.25,-0.19,-0.539007,35.34,34.94,35.25,Quote,2026-03-29 20:43:31.764016+00:00,,0,live
SU,Suncor Energy Inc.,92.5,7370851.0,90.57,2.44,2.709305,92.56,90.06,90.06,Quote,2026-03-29 20:43:31.764016+00:00,,0,live
CM,Canadian Imperial Bank Of Commerce,128.9,2466957.0,129.05,-1.81,-1.384745,129.35,128.01,130.71,Quote,2026-03-29 20:43:31.764016+00:00,,0,live
CVE,Cenovus Energy Inc.,37.23,9727511.0,36.29,1.22,3.387948,37.31,36.15,36.01,Quote,2026-03-29 20:43:31.764016+00:00,,0,live
BMO,Bank of Montreal,183.03,1972449.0,182.38,-0.53,-0.288734,183.03,180.3,183.56,Quote,2026-03-29 20:43:31.764016+00:00,,0,live
NA,National Bank of Canada,177.49,2192761.0,178.16,-1.57,-0.876801,178.79,176.49,179.06,Quote,2026-03-29 20:43:31.764016+00:00,,1,live
ATH,Athabasca Oil Corporation,10.69,5432143.0,10.05,0.78,7.870838,10.7,10.01,9.91,Quote,2026-03-29 20:43:31.764016+00:00,,0,live
PPL,Pembina Pipeline Corporation,63.57,1657804.0,63.4,0.24,0.378967,64.03,63.25,63.33,Quote,2026-03-29 20:43:31.764016+00:00,,0,live
DOL,Dollarama Inc.,166.76,778747.0,168.42,-2.08,-1.231936,169.48,166.0,168.84,Quote,2026-03-29 20:43:31.764016+00:00,,0,live
HHIS,Harvest Diversified High Income Shares ETF,9.83,1088689.0,10.06,-0.31,-3.057199,10.06,9.8,10.14,Quote,2026-03-29 20:43:31.764016+00:00,,0,live
FTS,Fortis Inc.,77.29,1178987.0,76.93,0.19,0.246433,77.3,76.69,77.1,Quote,2026-03-29 20:43:31.764016+00:00,,0,live
SLF,Sun Life Financial Inc.,85.26,1144129.0,86.28,-1.39,-1.604155,86.35,85.0,86.65,Quote,2026-03-29 20:43:31.764016+00:00,,0,live
ARX,ARC Resources Ltd.,29.39,4521208.0,29.0,0.43,1.484807,29.43,28.885,28.96,Quote,2026-03-29 20:43:31.764016+00:00,,0,live
FRU,Freehold Royalties Ltd.,17.64,1242943.0,17.4,0.17,0.973097,17.65,17.35,17.47,Quote,2026-03-29 20:43:31.764016+00:00,,0,live
TRP,TC Energy Corporation,88.15,8603705.0,88.0,-0.08,-0.090672,89.14,87.75,88.23,Quote,2026-03-29 20:43:31.764016+00:00,,0,live
MSFT,Microsoft CDR (CAD Hedged),25.35,666716.0,25.57,-0.59,-2.27448,25.61,25.24,25.94,Quote,2026-03-29 20:43:31.764016+00:00,,0,live
SOBO,South Bow Corporation,47.49,1549000.0,47.12,0.41,0.870858,47.8,46.9,47.08,Quote,2026-03-29 20:43:31.764016+00:00,,0,live
POW,Power Corporation of Canada Subordinate Voting Shares,66.19,3407497.0,66.6,-0.63,-0.942832,66.77,66.02,66.82,Quote,2026-03-29 20:43:31.764016+00:00,,0,live
TVE,Tamarack Valley Energy Ltd.,11.67,2310101.0,11.25,0.47,4.196429,11.71,11.22,11.2,Quote,2026-03-29 20:43:31.764016+00:00,,0,live
WSP,WSP Global Inc.,212.73,551742.0,216.44,-5.01,-2.300909,216.44,210.86,217.74,Quote,2026-03-29 20:43:31.764016+00:00,,0,live
CPX,Capital Power Corporation,65.55,693225.0,65.41,-0.18,-0.273848,66.66,65.14,65.73,Quote,2026-03-29 20:43:31.764016+00:00,,0,live
CNR,Canadian National Railway Company,140.82,2162012.0,139.76,0.18,0.127986,141.26,139.65,140.64,Quote,2026-03-29 20:43:31.764016+00:00,,0,live
CJ,Cardinal Energy Ltd.,11.3,1421471.0,10.96,0.35,3.196347,11.3,10.95,10.95,Quote,2026-03-29 20:43:31.764016+00:00,,0,live
MFC,Manulife Financial Corporation,46.74,3712342.0,47.41,-0.99,-2.074167,47.56,46.51,47.73,Quote,2026-03-29 20:43:31.764016+00:00,,0,live
NTR,Nutrien Ltd.,105.04,1619413.0,102.76,3.01,2.950113,105.15,102.22,102.03,Quote,2026-03-29 20:43:31.764016+00:00,,0,live
SCR,Strathcona Resources Ltd.,42.17,1225952.0,39.32,3.43,8.853898,42.29,39.04,38.74,Quote,2026-03-29 20:43:31.764016+00:00,,0,live
BTE,Baytex Energy Corp.,6.0,11620958.0,5.91,0.14,2.389079,6.055,5.9,5.86,Quote,2026-03-29 20:43:31.764016+00:00,,0,live
MDA,MDA Space Ltd.,34.52,1702353.0,36.68,-2.43,-6.576455,36.75,34.5,36.95,Quote,2026-03-29 20:43:31.764016+00:00,,0,live
HDIV,Hamilton Enhanced Canadian Covered Call ETF,20.79,362353.0,20.8,0.03,0.144509,20.91,20.65,20.76,Quote,2026-03-29 20:43:31.764016+00:00,,0,live
HHL,Harvest Healthcare Leaders Income ETF,6.975,399916.0,7.08,-0.095,-1.343706,7.08,6.96,7.07,Quote,2026-03-29 20:43:31.764016+00:00,,0,live
AC,Air Canada Voting and Variable Voting Shares,17.91,2480800.0,18.15,-0.39,-2.131148,18.285,17.8,18.3,Quote,2026-03-29 20:43:31.764016+00:00,,0,live
HHIC,Harvest Canadian High Income Shares ETF,14.21,52891.0,14.16,0.04,0.282287,14.23,14.1,14.17,Quote,2026-03-29 20:43:31.764016+00:00,,0,live
PEY,Peyto Exploration & Development Corp.,26.85,1924044.0,27.01,-0.21,-0.776053,27.32,26.55,27.06,Quote,2026-03-29 20:43:31.764016+00:00,,0,live
SGY,Surge Energy Inc.,8.94,1174853.0,8.7,0.24,2.758621,8.94,8.7,8.7,Quote,2026-03-29 20:43:31.764016+00:00,,0,live
NVDA,Nvidia CDR (CAD Hedged),37.83,662808.0,38.38,-0.85,-2.197518,38.53,37.72,38.68,Quote,2026-03-29 20:43:31.764016+00:00,,0,live
TRI,Thomson Reuters Corporation,124.26,455690.0,124.49,-1.1,-0.877473,125.31,122.51,125.36,Quote,2026-03-29 20:43:31.764016+00:00,,0,live
ZWU,BMO Covered Call Utilities ETF,12.18,430349.0,12.12,0.0,0.0,12.235,12.12,12.18,Quote,2026-03-29 20:43:31.764016+00:00,,0,live
PBH,Premium Brands Holdings Corporation,83.42,427812.0,85.5,-2.18,-2.546729,85.51,83.31,85.6,Quote,2026-03-29 20:43:31.764016+00:00,,0,live
TOU,Tourmaline Oil Corp.,68.37,1714586.0,67.49,1.22,1.816828,68.45,66.86,67.15,Quote,2026-03-29 20:43:31.764016+00:00,,0,live
ATD,Alimentation Couche-Tard Inc.,77.62,634990.0,77.74,-0.58,-0.741688,78.07,77.09,78.2,Quote,2026-03-29 20:43:31.764016+00:00,,0,live
AEM,Agnico Eagle Mines Limited,268.22,716824.0,260.01,8.2,3.153604,269.5,258.3,260.02,Quote,2026-03-29 20:43:31.764016+00:00,,0,live
OVV,Ovintiv Inc.,86.2,312551.0,85.59,1.29,1.519256,86.7,84.89,84.91,Quote,2026-03-29 20:43:31.764016+00:00,,0,live
T,TELUS Corporation,17.97,6875885.0,17.73,0.24,1.353638,18.09,17.72,17.73,Quote,2026-03-30 21:10:04.851051+00:00,,0,live
WCP,Whitecap Resources Inc.,15.69,9860510.0,15.76,0.15,0.965251,15.9,15.6,15.54,Quote,2026-03-30 21:10:04.851051+00:00,,0,live
BNS,Bank of Nova Scotia (The),93.88,6033657.0,94.56,-0.21,-0.223191,94.94,93.38,94.09,Quote,2026-03-30 21:10:04.851051+00:00,,0,live
RY,Royal Bank of Canada,219.79,2365931.0,220.71,-0.06,-0.027291,222.51,218.565,219.85,Quote,2026-03-30 21:10:04.851051+00:00,,0,live
BCE,BCE Inc.,35.14,3248629.0,35.05,0.08,0.22818,35.55,35.02,35.06,Quote,2026-03-30 21:10:04.851051+00:00,,0,live
ENB,Enbridge Inc.,75.67,3773499.0,76.2,-0.16,-0.210998,77.18,75.52,75.83,Quote,2026-03-30 21:10:04.851051+00:00,,0,live
TD,Toronto-Dominion Bank (The),127.52,7843645.0,127.57,0.65,0.512335,128.92,127.1,126.87,Quote,2026-03-30 21:10:04.851051+00:00,,0,live
SU,Suncor Energy Inc.,91.94,6427872.0,93.32,-0.56,-0.605405,94.34,91.31,92.5,Quote,2026-03-30 21:10:04.851051+00:00,,0,live
CNQ,Canadian Natural Resources Limited,68.83,15195722.0,70.34,-0.63,-0.906997,70.99,68.68,69.46,Quote,2026-03-30 21:10:04.851051+00:00,,0,live
CVE,Cenovus Energy Inc.,37.03,14277880.0,38.01,-0.2,-0.537201,38.5,36.865,37.23,Quote,2026-03-30 21:10:04.851051+00:00,,0,live
CM,Canadian Imperial Bank Of Commerce,127.87,3379093.0,129.52,-1.03,-0.799069,130.27,127.13,128.9,Quote,2026-03-30 21:10:04.851051+00:00,,0,live
BTE,Baytex Energy Corp.,6.08,9884281.0,6.09,0.08,1.333333,6.21,6.0,6.0,Quote,2026-03-30 21:10:04.851051+00:00,,0,live
AC,Air Canada Voting and Variable Voting Shares,17.51,2502867.0,17.87,-0.4,-2.233389,17.96,17.34,17.91,Quote,2026-03-30 21:10:04.851051+00:00,,0,live
BMO,Bank of Montreal,183.35,2014753.0,184.48,0.32,0.174835,185.4,182.11,183.03,Quote,2026-03-30 21:10:04.851051+00:00,,0,live
MFC,Manulife Financial Corporation,46.84,6627830.0,46.79,0.1,0.21395,47.49,46.67,46.74,Quote,2026-03-30 21:10:04.851051+00:00,,0,live
NA,National Bank of Canada,175.28,4804142.0,176.17,-2.21,-1.245141,177.69,174.36,177.49,Quote,2026-03-30 21:10:04.851051+00:00,,1,live
TVE,Tamarack Valley Energy Ltd.,11.49,2898170.0,11.76,-0.18,-1.542416,12.0,11.39,11.67,Quote,2026-03-30 21:10:04.851051+00:00,,0,live
PPL,Pembina Pipeline Corporation,62.95,2994343.0,63.96,-0.62,-0.975303,64.27,62.79,63.57,Quote,2026-03-30 21:10:04.851051+00:00,,0,live
TRP,TC Energy Corporation,87.76,11213220.0,88.38,-0.39,-0.442428,89.56,87.31,88.15,Quote,2026-03-30 21:10:04.851051+00:00,,0,live
ATH,Athabasca Oil Corporation,10.89,5101464.0,11.0,0.2,1.870907,11.16,10.8,10.69,Quote,2026-03-30 21:10:04.851051+00:00,,0,live
SHOP,Shopify Inc. Class A Subordinate Voting Shares,155.78,1608794.0,157.62,0.36,0.23163,159.52,154.11,155.42,Quote,2026-03-30 21:10:04.851051+00:00,,0,live
ABX,Barrick Mining Corporation,53.5,7260874.0,54.74,0.07,0.131013,55.38,52.93,53.43,Quote,2026-03-30 21:10:04.851051+00:00,,0,live
ARX,ARC Resources Ltd.,29.61,4540683.0,29.45,0.22,0.748554,29.82,29.32,29.39,Quote,2026-03-30 21:10:04.851051+00:00,,0,live
BTO,B2Gold Corp.,5.9,3843216.0,6.03,0.01,0.169779,6.06,5.82,5.89,Quote,2026-03-30 21:10:04.851051+00:00,,0,live
CJ,Cardinal Energy Ltd.,11.52,1900983.0,11.5,0.22,1.946903,11.77,11.415,11.3,Quote,2026-03-30 21:10:04.851051+00:00,,0,live
CNR,Canadian National Railway Company,141.2,2381937.0,141.51,0.38,0.269848,143.1,140.98,140.82,Quote,2026-03-30 21:10:04.851051+00:00,,0,live
WEED,Canopy Growth Corporation,1.2,1430690.0,1.26,-0.03,-2.439024,1.26,1.18,1.23,Quote,2026-03-30 21:10:04.851051+00:00,,0,live
MDA,MDA Space Ltd.,32.82,1517656.0,34.28,-1.7,-4.924681,34.5,32.42,34.52,Quote,2026-03-30 21:10:04.851051+00:00,,0,live
TOU,Tourmaline Oil Corp.,68.93,2069643.0,68.94,0.56,0.819073,69.24,67.73,68.37,Quote,2026-03-30 21:10:04.851051+00:00,,0,live
SLF,Sun Life Financial Inc.,86.31,1345264.0,85.82,1.05,1.231527,86.98,85.31,85.26,Quote,2026-03-30 21:10:04.851051+00:00,,0,live
AQN,Algonquin Power & Utilities Corp.,8.59,2276584.0,8.61,0.02,0.233372,8.73,8.525,8.57,Quote,2026-03-30 21:10:04.851051+00:00,,0,live
VET,Vermilion Energy Inc.,18.97,1245608.0,19.5,-0.34,-1.760746,19.66,18.82,19.31,Quote,2026-03-30 21:10:04.851051+00:00,,0,live
NTR,Nutrien Ltd.,106.59,1944210.0,106.83,1.55,1.475628,107.95,105.68,105.04,Quote,2026-03-30 21:10:04.851051+00:00,,0,live
POW,Power Corporation of Canada Subordinate Voting Shares,66.29,2774588.0,66.2,0.1,0.15108,67.11,66.09,66.19,Quote,2026-03-30 21:10:04.851051+00:00,,0,live
AEM,Agnico Eagle Mines Limited,266.85,742973.0,274.0,-1.37,-0.510775,277.0,263.85,268.22,Quote,2026-03-30 21:10:04.851051+00:00,,0,live
DOL,Dollarama Inc.,168.02,976011.0,167.09,1.26,0.755577,169.735,166.74,166.76,Quote,2026-03-30 21:10:04.851051+00:00,,0,live
ATD,Alimentation Couche-Tard Inc.,77.47,1026427.0,77.86,-0.15,-0.193249,78.99,77.24,77.62,Quote,2026-03-30 21:10:04.851051+00:00,,0,live
HNU,BetaPro Natural Gas Leveraged Daily Bull ETF,11.88,4854321.0,11.94,-1.25,-9.520183,12.07,11.64,13.13,Quote,2026-03-30 21:10:04.851051+00:00,,0,live
SGY,Surge Energy Inc.,9.38,1581555.0,9.09,0.44,4.9217,9.485,9.09,8.94,Quote,2026-03-30 21:10:04.851051+00:00,,0,live
WELL,WELL Health Technologies Corp.,3.64,1547126.0,3.78,-0.12,-3.191489,3.81,3.63,3.76,Quote,2026-03-30 21:10:04.851051+00:00,,0,live
GSY,goeasy Ltd.,36.37,239915.0,36.04,-0.05,-0.137287,37.07,35.21,36.42,Quote,2026-03-30 21:10:04.851051+00:00,,0,live
CLS,Celestica Inc.,358.37,554044.0,392.97,-30.29,-7.793444,393.81,352.89,388.66,Quote,2026-03-30 21:10:04.851051+00:00,,0,live
EQX,Equinox Gold Corp.,18.02,2034098.0,17.93,0.59,3.384969,18.4,17.76,17.43,Quote,2026-03-30 21:10:04.851051+00:00,,0,live
FTS,Fortis Inc.,78.06,1563783.0,77.8,0.77,0.996248,78.81,77.72,77.29,Quote,2026-03-30 21:10:04.851051+00:00,,0,live
CCO,Cameco Corporation,143.15,603553.0,144.87,-1.16,-0.803825,147.86,141.12,144.31,Quote,2026-03-30 21:10:04.851051+00:00,,0,live
CSU,Constellation Software Inc.,2386.77,79699.0,2295.0,27.88,1.181912,2392.03,2290.0,2358.89,Quote,2026-03-30 21:10:04.851051+00:00,,0,live
PEY,Peyto Exploration & Development Corp.,27.32,1233814.0,26.85,0.47,1.750466,27.44,26.75,26.85,Quote,2026-03-30 21:10:04.851051+00:00,,0,live
HUT,Hut 8 Corp.,59.52,941714.0,67.46,-6.28,-9.544073,67.93,58.62,65.8,Quote,2026-03-30 21:10:04.851051+00:00,,0,live
SOBO,South Bow Corporation,47.71,2974302.0,47.77,0.22,0.463255,48.59,47.49,47.49,Quote,2026-03-30 21:10:04.851051+00:00,,0,live
BBD.B,Bombardier Inc. Class B Subordinate Voting Shares,232.07,237597.0,239.36,-5.3,-2.232801,240.09,230.13,237.37,Company,2026-03-30 21:10:04.851051+00:00,BBD,1,live
T,TELUS Corporation,17.88,6269618.0,18.05,-0.09,-0.500835,18.1,17.81,17.97,Quote,2026-03-31 20:54:05.336465+00:00,,0,live
BNS,Bank of Nova Scotia (The),96.47,8800871.0,94.69,2.59,2.758841,96.49,94.67,93.88,Quote,2026-03-31 20:54:05.336465+00:00,,0,live
WCP,Whitecap Resources Inc.,15.7,12096188.0,15.66,0.01,0.063735,16.03,15.19,15.69,Quote,2026-03-31 20:54:05.336465+00:00,,0,live
TD,Toronto-Dominion Bank (The),129.92,6743058.0,128.79,2.4,1.882058,129.92,127.65,127.52,Quote,2026-03-31 20:54:05.336465+00:00,,0,live
BCE,BCE Inc.,35.1,4129149.0,35.14,-0.04,-0.11383,35.41,34.88,35.14,Quote,2026-03-31 20:54:05.336465+00:00,,0,live
RY,Royal Bank of Canada,224.88,4432158.0,221.94,5.09,2.315847,225.38,221.51,219.79,Quote,2026-03-31 20:54:05.336465+00:00,,0,live
ENB,Enbridge Inc.,75.41,6304726.0,75.78,-0.26,-0.343597,76.07,74.58,75.67,Quote,2026-03-31 20:54:05.336465+00:00,,0,live
SU,Suncor Energy Inc.,92.01,6036734.0,91.94,0.07,0.076137,93.83,89.27,91.94,Quote,2026-03-31 20:54:05.336465+00:00,,0,live
CNQ,Canadian Natural Resources Limited,67.86,13653405.0,68.82,-0.97,-1.409269,69.87,66.17,68.83,Quote,2026-03-31 20:54:05.336465+00:00,,0,live
CM,Canadian Imperial Bank Of Commerce,131.84,3519092.0,129.45,3.97,3.104716,131.95,128.75,127.87,Quote,2026-03-31 20:54:05.336465+00:00,,0,live
CVE,Cenovus Energy Inc.,36.92,11610091.0,37.18,-0.11,-0.297056,38.08,35.96,37.03,Quote,2026-03-31 20:54:05.336465+00:00,,0,live
BMO,Bank of Montreal,188.42,2027170.0,184.99,5.07,2.765203,188.53,184.92,183.35,Quote,2026-03-31 20:54:05.336465+00:00,,0,live
AC,Air Canada Voting and Variable Voting Shares,18.12,2480162.0,17.7,0.61,3.483724,18.19,17.58,17.51,Quote,2026-03-31 20:54:05.336465+00:00,,0,live
MFC,Manulife Financial Corporation,47.92,6663322.0,47.37,1.08,2.305722,48.02,46.85,46.84,Quote,2026-03-31 20:54:05.336465+00:00,,0,live
BTE,Baytex Energy Corp.,6.22,13124689.0,6.06,0.14,2.302632,6.35,5.92,6.08,Quote,2026-03-31 20:54:05.336465+00:00,,0,live
PPL,Pembina Pipeline Corporation,62.27,2089670.0,63.11,-0.68,-1.080222,63.2,61.495,62.95,Quote,2026-03-31 20:54:05.336465+00:00,,0,live
NA,National Bank of Canada,180.01,1646213.0,176.47,4.73,2.698539,180.37,176.25,175.28,Quote,2026-03-31 20:54:05.336465+00:00,,1,live
TRP,TC Energy Corporation,87.11,19377130.0,86.96,-0.65,-0.740656,87.67,85.94,87.76,Quote,2026-03-31 20:54:05.336465+00:00,,0,live
TOU,Tourmaline Oil Corp.,66.58,2617252.0,69.31,-2.35,-3.409256,69.88,65.95,68.93,Quote,2026-03-31 20:54:05.336465+00:00,,0,live
CNR,Canadian National Railway Company,143.18,1557386.0,141.87,1.98,1.402266,143.5,140.13,141.2,Quote,2026-03-31 20:54:05.336465+00:00,,0,live
ABX,Barrick Mining Corporation,56.85,7045936.0,54.8,3.35,6.261682,56.98,54.75,53.5,Quote,2026-03-31 20:54:05.336465+00:00,,0,live
AQN,Algonquin Power & Utilities Corp.,8.52,2441955.0,8.51,-0.07,-0.814901,8.575,8.415,8.59,Quote,2026-03-31 20:54:05.336465+00:00,,0,live
WEED,Canopy Growth Corporation,1.32,1979561.0,1.23,0.12,10.0,1.325,1.22,1.2,Quote,2026-03-31 20:54:05.336465+00:00,,0,live
ATH,Athabasca Oil Corporation,11.25,6942694.0,10.88,0.36,3.305785,11.27,10.79,10.89,Quote,2026-03-31 20:54:05.336465+00:00,,0,live
SLF,Sun Life Financial Inc.,87.15,2759970.0,86.74,0.84,0.973236,87.34,85.33,86.31,Quote,2026-03-31 20:54:05.336465+00:00,,0,live
BTO,B2Gold Corp.,6.32,5766577.0,6.03,0.42,7.118644,6.37,6.03,5.9,Quote,2026-03-31 20:54:05.336465+00:00,,0,live
TVE,Tamarack Valley Energy Ltd.,11.5,2405633.0,11.49,0.01,0.087032,11.85,11.17,11.49,Quote,2026-03-31 20:54:05.336465+00:00,,0,live
MDA,MDA Space Ltd.,35.24,1176298.0,33.65,2.42,7.373553,35.58,33.4,32.82,Quote,2026-03-31 20:54:05.336465+00:00,,0,live
POW,Power Corporation of Canada Subordinate Voting Shares,66.97,8725222.0,66.04,0.68,1.025796,67.11,65.43,66.29,Quote,2026-03-31 20:54:05.336465+00:00,,0,live
SHOP,Shopify Inc. Class A Subordinate Voting Shares,165.06,2272970.0,158.65,9.28,5.957119,166.09,155.01,155.78,Quote,2026-03-31 20:54:05.336465+00:00,,0,live
ATD,Alimentation Couche-Tard Inc.,78.85,1335903.0,77.97,1.38,1.781335,79.29,77.41,77.47,Quote,2026-03-31 20:54:05.336465+00:00,,0,live
AEM,Agnico Eagle Mines Limited,282.37,1457810.0,272.96,15.52,5.816001,283.28,272.96,266.85,Quote,2026-03-31 20:54:05.336465+00:00,,0,live
CLS,Celestica Inc.,392.42,663956.0,363.8,34.05,9.501353,393.87,360.01,358.37,Quote,2026-03-31 20:54:05.336465+00:00,,0,live
SOBO,South Bow Corporation,46.28,2969401.0,47.17,-1.43,-2.997275,47.36,45.63,47.71,Quote,2026-03-31 20:54:05.336465+00:00,,0,live
ARX,ARC Resources Ltd.,28.95,5224885.0,29.35,-0.66,-2.228977,29.81,28.26,29.61,Quote,2026-03-31 20:54:05.336465+00:00,,0,live
CCO,Cameco Corporation,151.28,1060659.0,146.0,8.13,5.679358,152.13,145.26,143.15,Quote,2026-03-31 20:54:05.336465+00:00,,0,live
FTS,Fortis Inc.,77.61,1293030.0,78.0,-0.45,-0.57648,78.5,77.17,78.06,Quote,2026-03-31 20:54:05.336465+00:00,,0,live
NTR,Nutrien Ltd.,105.01,3450066.0,105.14,-1.58,-1.482315,106.3,102.63,106.59,Quote,2026-03-31 20:54:05.336465+00:00,,0,live
WELL,WELL Health Technologies Corp.,3.84,1396243.0,3.71,0.2,5.494505,3.85,3.68,3.64,Quote,2026-03-31 20:54:05.336465+00:00,,0,live
DOL,Dollarama Inc.,170.73,947470.0,169.8,2.71,1.612903,171.47,169.32,168.02,Quote,2026-03-31 20:54:05.336465+00:00,,0,live
HHIS,Harvest Diversified High Income Shares ETF,9.96,566076.0,9.65,0.18,1.840491,9.98,9.6,9.78,Quote,2026-03-31 20:54:05.336465+00:00,,0,live
BB,BlackBerry Limited,4.51,3771568.0,4.43,0.12,2.733485,4.55,4.43,4.39,Quote,2026-03-31 20:54:05.336465+00:00,,0,live
CJ,Cardinal Energy Ltd.,11.37,1909371.0,11.4,-0.15,-1.302083,11.72,11.1,11.52,Quote,2026-03-31 20:54:05.336465+00:00,,0,live
FRU,Freehold Royalties Ltd.,17.37,1386508.0,17.39,-0.04,-0.229753,17.56,17.0,17.41,Quote,2026-03-31 20:54:05.336465+00:00,,0,live
HIVE,HIVE Digital Technologies Ltd.,2.6,1130967.0,2.48,0.16,6.557377,2.67,2.48,2.44,Quote,2026-03-31 20:54:05.336465+00:00,,0,live
NPI,Northland Power Inc.,23.34,1611933.0,23.32,0.17,0.733707,23.44,23.07,23.17,Quote,2026-03-31 20:54:05.336465+00:00,,0,live
VET,Vermilion Energy Inc.,19.17,2094921.0,18.81,0.2,1.054296,19.93,18.52,18.97,Quote,2026-03-31 20:54:05.336465+00:00,,0,live
AG,First Majestic Silver Corp.,29.82,1629612.0,28.34,2.47,9.031078,30.16,28.3,27.35,Quote,2026-03-31 20:54:05.336465+00:00,,0,live
BAM,Brookfield Asset Management Ltd. Class A Limited Voting Shares,61.85,1850794.0,60.85,1.75,2.911814,61.99,60.55,60.1,Quote,2026-03-31 20:54:05.336465+00:00,,0,live
BBD.B,Bombardier Inc. Class B Subordinate Voting Shares,246.02,565416.0,235.82,13.95,6.011117,246.86,234.18,232.07,Company,2026-03-31 20:54:05.336465+00:00,BBD,1,live
